-- phpMyAdmin SQL Dump
-- version 5.0.1
-- https://www.phpmyadmin.net/
--
-- Host: 127.0.0.1
-- Gegenereerd op: 14 jan 2022 om 11:46
-- Serverversie: 10.4.11-MariaDB
-- PHP-versie: 7.4.1

SET SQL_MODE = "NO_AUTO_VALUE_ON_ZERO";
SET AUTOCOMMIT = 0;
START TRANSACTION;
SET time_zone = "+00:00";


/*!40101 SET @OLD_CHARACTER_SET_CLIENT=@@CHARACTER_SET_CLIENT */;
/*!40101 SET @OLD_CHARACTER_SET_RESULTS=@@CHARACTER_SET_RESULTS */;
/*!40101 SET @OLD_COLLATION_CONNECTION=@@COLLATION_CONNECTION */;
/*!40101 SET NAMES utf8mb4 */;

--
-- Database: `mushroom`
--

-- --------------------------------------------------------

--
-- Tabelstructuur voor tabel `class`
--

CREATE TABLE `class` (
  `class_id` varchar(1) DEFAULT NULL,
  `class_name` varchar(9) DEFAULT NULL
) ENGINE=InnoDB DEFAULT CHARSET=utf8;

--
-- Gegevens worden geëxporteerd voor tabel `class`
--

INSERT INTO `class` (`class_id`, `class_name`) VALUES
('p', 'poisonous'),
('e', 'edible');

-- --------------------------------------------------------

--
-- Tabelstructuur voor tabel `colors`
--

CREATE TABLE `colors` (
  `color_id` varchar(1) DEFAULT NULL,
  `color_name` varchar(6) DEFAULT NULL
) ENGINE=InnoDB DEFAULT CHARSET=utf8;

--
-- Gegevens worden geëxporteerd voor tabel `colors`
--

INSERT INTO `colors` (`color_id`, `color_name`) VALUES
('n', 'brown'),
('b', 'buff'),
('g', 'gray'),
('r', 'green'),
('p', 'pink'),
('u', 'purple'),
('e', 'red'),
('w', 'white'),
('y', 'yellow'),
('l', 'blue'),
('o', 'orange'),
('k', 'black'),
('f', 'none');

-- --------------------------------------------------------

--
-- Tabelstructuur voor tabel `family`
--

CREATE TABLE `family` (
  `family_id` int(2) DEFAULT NULL,
  `family_name` varchar(22) DEFAULT NULL
) ENGINE=InnoDB DEFAULT CHARSET=utf8;

--
-- Gegevens worden geëxporteerd voor tabel `family`
--

INSERT INTO `family` (`family_id`, `family_name`) VALUES
(1, 'Amanita Family'),
(2, 'Lepiota Family'),
(3, 'Tricholoma Family'),
(4, 'Wax Gill Family'),
(5, 'Russula Family'),
(6, 'Pluteus Family'),
(7, 'Entoloma Family'),
(8, 'Bolbitius Family'),
(9, 'Stropharia Family'),
(10, 'Cortinarius Family'),
(11, 'Mushroom Family'),
(12, 'Ink Cap Family'),
(13, 'Bolete Family'),
(14, 'Paxillus Family'),
(15, 'Chanterelle Family'),
(16, 'Oyster Mushroom Family'),
(17, 'Crepidotus Family'),
(18, 'Hydnum Family'),
(19, 'Ear-Pick Family'),
(20, 'Bracket Fungi'),
(21, 'Saddle-Cup Family'),
(22, 'Morel Family'),
(23, 'Jelly Discs Family');

-- --------------------------------------------------------

--
-- Tabelstructuur voor tabel `mushrooms`
--

CREATE TABLE `mushrooms` (
  `mushroom_id` int(3) DEFAULT NULL,
  `name` varchar(24) DEFAULT NULL,
  `family` int(2) DEFAULT NULL,
  `class` varchar(1) DEFAULT NULL,
  `cap_diameter_min` float DEFAULT NULL,
  `cap_diameter_max` float DEFAULT NULL
) ENGINE=InnoDB DEFAULT CHARSET=utf8;

--
-- Gegevens worden geëxporteerd voor tabel `mushrooms`
--

INSERT INTO `mushrooms` (`mushroom_id`, `name`, `family`, `class`, `cap_diameter_min`, `cap_diameter_max`) VALUES
(1, 'Fly Agaric', 1, 'p', 10, 20),
(2, 'Panther Cap', 1, 'p', 5, 10),
(3, 'False Panther Cap', 1, 'p', 10, 15),
(4, 'The Blusher', 1, 'e', 5, 15),
(5, 'Death Cap', 1, 'p', 5, 12),
(6, 'False Death Cap', 1, 'e', 4, 9),
(7, 'Destroying Angel', 1, 'p', 5, 10),
(8, 'Tawny Grisette', 1, 'e', 4, 8),
(9, 'Parasol Mushroom', 2, 'e', 10, 25),
(10, 'Shaggy Parasol', 2, 'e', 12, 18),
(11, 'Stinking Parasol', 2, 'p', 2, 5),
(12, 'Saffron Parasol', 3, 'p', 2, 5),
(13, 'The Deceiver', 3, 'e', 1, 4),
(14, 'Amethyst Deceiver', 3, 'e', 1, 4),
(15, 'Wood Blewit', 3, 'e', 5, 15),
(16, 'Field Blewit', 3, 'e', 5, 12),
(17, 'Clouded Agaric', 3, 'e', 8, 20),
(18, 'Club-footed Funnel Cap', 3, 'p', 4, 8),
(19, 'Common Funnel Cap', 3, 'e', 4, 8),
(20, 'Aniseed Funnel Cap', 3, 'e', 3, 6),
(21, 'Ivory Clitocybe', 3, 'p', 2, 4),
(22, 'Wood Woolly-foot', 3, 'p', 3, 6),
(23, 'Russet Tough Shank', 3, 'p', 2, 5),
(24, 'Clustered Tough Shank', 3, 'p', 2, 5),
(25, 'Greasy Tough Shank', 3, 'e', 4, 8),
(26, 'Spotted Tough Shank', 3, 'p', 6, 12),
(27, 'Fairy Ring Champignon', 3, 'e', 2, 5),
(28, 'Little Wheel Fungus', 3, 'p', 0.7, 1.3),
(29, 'Horse-hair Fungus', 3, 'p', 0.5, 1),
(30, 'Bonnet Bell Cap', 3, 'e', 2, 6),
(31, 'Stump Bell Cap', 3, 'p', 1, 3),
(32, 'Tufted Bell Cap', 3, 'p', 2, 3),
(33, 'Milky Bell Cap', 3, 'e', 1, 2),
(34, 'Small Bleeding Bell Cap', 3, 'e', 0.5, 1.5),
(35, 'Lilac Bell Cap', 3, 'p', 2, 5),
(36, 'Yellow-stemmed Bell Cap', 3, 'e', 1, 2),
(37, 'Orange Bell Cap', 3, 'p', 0.4, 1),
(38, 'Orange Moss Agaric', 3, 'p', 0.4, 1),
(39, 'Umbrella Navel Cap', 3, 'p', 1, 2),
(40, 'Rooting Shank', 3, 'p', 4, 10),
(41, 'Porcelain Mushroom', 3, 'e', 4, 8),
(42, 'Velvet Shank', 3, 'e', 2, 7),
(43, 'Honey Fungus', 3, 'e', 5, 15),
(44, 'Bulbous Honey Fungus', 3, 'e', 5, 15),
(45, 'Soap-scented Tricholoma', 3, 'p', 3, 10),
(46, 'Grey Tricholoma', 3, 'e', 4, 8),
(47, 'Scaly Tricholoma', 3, 'e', 3, 7),
(48, 'Yellow-brown Tricholoma', 3, 'e', 5, 10),
(49, 'Sulphur Tricholoma', 3, 'p', 3, 8),
(50, 'St George\'s Mushroom', 3, 'e', 5, 12),
(51, 'Clustered Brown Cap', 3, 'e', 6, 10),
(52, 'Changeable Melanoleuca', 3, 'e', 4, 10),
(53, 'Plums and custard', 3, 'p', 4, 12),
(54, 'Ivory Wax Cap', 4, 'e', 2, 5),
(55, 'Yellow Wax cap', 4, 'p', 3, 6),
(56, 'Orange-red Wax Cap', 4, 'p', 1, 4),
(57, 'Blackening Wax Cap', 4, 'p', 4, 7),
(58, 'Meadow Wax Cap', 4, 'e', 3, 10),
(59, 'Scarlet Hood', 4, 'e', 2, 5),
(60, 'Parrot Wax Cap', 4, 'p', 2, 4),
(61, 'Herald of Winter', 4, 'e', 3, 5),
(62, 'Common Yellow Russula', 5, 'e', 4, 10),
(63, 'Yellow-gilled Russula', 5, 'e', 2, 6),
(64, 'Yellow Swamp Russula', 5, 'e', 4, 10),
(65, 'Geranium-scented Russula', 5, 'p', 4, 10),
(66, 'Stinking Russula', 5, 'p', 6, 15),
(67, 'Fragile Russula', 5, 'p', 2, 6),
(68, 'Birch Russula', 5, 'p', 2, 6),
(69, 'Bare-toothed Russula', 5, 'e', 5, 10),
(70, 'The Charcoal Burner', 5, 'e', 5, 15),
(71, 'Blackish Purple Russula', 5, 'e', 4, 12),
(72, 'Blackening Russula', 5, 'e', 8, 25),
(73, 'The Sickener', 5, 'p', 5, 10),
(74, 'Beechwood Sickener', 5, 'p', 3, 7),
(75, 'Crab-scented Russula', 5, 'e', 7, 15),
(76, 'Grass-green Russula', 5, 'p', 5, 10),
(77, 'Peppery Milk Cap', 5, 'e', 8, 15),
(78, 'Fleecy Milk Cap', 5, 'p', 10, 25),
(79, 'Oak Milk Cap', 5, 'p', 4, 9),
(80, 'Slimy Milk Cap', 5, 'p', 5, 10),
(81, 'Ugly Milk Cap', 5, 'p', 7, 20),
(82, 'Rufous Milk Cap', 5, 'p', 4, 10),
(83, 'Sweet Milk Cap', 5, 'p', 3, 8),
(84, 'Small Brown Milk Cap', 5, 'p', 2, 4),
(85, 'Coconut-scented Milk Cap', 5, 'e', 2, 5),
(86, 'Woolly Milk Cap', 5, 'p', 6, 12),
(87, 'Saffron Milk Cap', 5, 'e', 5, 15),
(88, 'Spruce Milk Cap', 5, 'p', 5, 12),
(89, 'Fawn Pluteus', 6, 'e', 6, 12),
(90, 'Veined Pluteus', 6, 'e', 4, 9),
(91, 'Silky Nolanea', 7, 'p', 2, 5),
(92, 'Striated Nolanea', 7, 'p', 3, 5),
(93, 'White Leptonia', 7, 'p', 2, 4),
(94, 'Blue Leptonia', 7, 'p', 1, 3),
(95, 'Livid Entoloma', 7, 'p', 6, 18),
(96, 'The Miller', 7, 'e', 4, 10),
(97, 'Apricot Fungus', 7, 'p', 5, 10),
(98, 'Egg Yolk Fungus', 8, 'p', 1, 3),
(99, 'Brown Bell Cap', 8, 'p', 1, 3),
(100, 'Spring Agaric', 8, 'e', 3, 6),
(101, 'Shaggy Pholiota', 9, 'p', 4, 12),
(102, 'Charcoal Pholiota', 9, 'p', 2, 6),
(103, 'Brown Stew Fungus', 9, 'e', 3, 8),
(104, 'Sulphur Tuft', 9, 'p', 2, 6),
(105, 'Brick Caps', 9, 'p', 4, 8),
(106, 'Verdigris Toadstool', 9, 'p', 2, 6),
(107, 'Dung Roundhead', 9, 'p', 1, 3),
(108, 'Magic Mushroom', 9, 'p', 0.5, 1.5),
(109, 'Red-banded Cortinarius', 10, 'p', 6, 12),
(110, 'Purple Cortinarius', 10, 'p', 5, 12),
(111, 'Blood-red Cortinarius', 10, 'p', 2, 5),
(112, 'Red-staining Inocybe', 10, 'p', 3, 8),
(113, 'Straw-coloured Inocybe', 10, 'p', 3, 7),
(114, 'Common White Inocybe', 10, 'p', 1, 4),
(115, 'Poison Pie', 10, 'p', 4, 10),
(116, 'Dark-centred Hebeloma', 10, 'p', 2, 5),
(117, 'Rusty Wood Rotter', 10, 'p', 4, 8),
(118, 'Spectacular Gymnopile', 10, 'p', 6, 15),
(119, 'Moss Pixy Cap', 10, 'p', 1, 2),
(120, 'Field Mushroom', 11, 'e', 3, 10),
(121, 'Cultivated Mushroom', 11, 'e', 3, 10),
(122, 'Horse Mushroom', 11, 'e', 5, 20),
(123, 'Yellow-staining Mushroom', 11, 'p', 5, 10),
(124, 'Bleeding Brown Mushroom', 11, 'e', 8, 12),
(125, 'Shaggy Ink Cap', 12, 'e', 5, 15),
(126, 'Common Ink Cap', 12, 'p', 4, 8),
(127, 'Magpie Ink Cap', 12, 'p', 6, 10),
(128, 'Rusty Carpet Ink Cap', 12, 'p', 2, 5),
(129, 'Glistening Ink Cap', 12, 'e', 2, 4),
(130, 'Fairies\' Bonnets', 12, 'e', 0.5, 1.5),
(131, 'Fairy Parasol', 12, 'e', 1, 2),
(132, 'Common Crumble Cap', 12, 'e', 3, 6),
(133, 'Two-toned Crumble Cap', 12, 'e', 2, 5),
(134, 'Hay Cap', 12, 'p', 1, 2),
(135, 'Petticoat Fungus', 12, 'p', 2, 4),
(136, 'Egg-shell Toadstool', 12, 'p', 2, 6),
(137, 'Weeping Widow', 12, 'p', 5, 10),
(138, 'Cep', 13, 'e', 8, 30),
(139, 'Bay Bolete', 13, 'e', 7, 15),
(140, 'Red-cracked Bolete', 13, 'e', 5, 10),
(141, 'Yellow-cracked Bolete', 13, 'e', 3, 10),
(142, 'Dotted-stemmed Bolete', 13, 'p', 8, 20),
(143, 'Lurid Bolete', 13, 'p', 8, 14),
(144, 'Parasitic Bolete', 13, 'e', 2, 5),
(145, 'Bitter Bolete', 13, 'p', 5, 14),
(146, 'Peppery Bolete', 13, 'e', 3, 6),
(147, 'Orange Birch Bolete', 13, 'e', 12, 25),
(148, 'Brown Birch Bolete', 13, 'e', 5, 10),
(149, 'Larch Bolete', 13, 'e', 4, 12),
(150, 'Slippery Jack', 13, 'e', 6, 12),
(151, 'Shallow-pored Bolete', 13, 'e', 4, 12),
(152, 'Brown Roll-rim', 14, 'p', 7, 15),
(153, 'Velvet Roll-rim', 14, 'p', 8, 25),
(154, 'False Chanterelle', 14, 'p', 3, 8),
(155, 'Chanterelle', 15, 'e', 2, 10),
(156, 'Tubed Chanterelle', 15, 'e', 2, 5),
(157, 'Horn of Plenty', 15, 'e', 2, 8),
(158, 'Oyster Mushroom', 16, 'e', 5, 18),
(159, 'Branched Oyster Mushroom', 16, 'e', 5, 12),
(160, 'Olive-brown Panellus', 3, 'p', 3, 12),
(161, 'Soft Slipper Toadstool', 17, 'p', 2, 7),
(162, 'Hedgehog Fungus', 18, 'e', 6, 14),
(163, 'Ear-pick Fungus', 19, 'p', 1, 2),
(164, 'Hairy Stereum', 20, 'p', 2, 6),
(165, 'Silver Leaf Fungus', 20, 'p', 2, 4),
(166, 'Dryad\'s Saddle', 20, 'e', 50, NULL),
(167, 'Fuzzy Polypore', 20, 'p', 8, 30),
(168, 'Brown Goblet', 20, 'p', 3, 7),
(169, 'White Saddle', 21, 'p', 2, 6),
(170, 'Elfin\'s Saddle', 20, 'p', 2, 4),
(171, 'Turban Fungus', 20, 'p', 5, 15),
(172, 'Common Morel', 22, 'e', 3, 8),
(173, 'Jelly Babies', 23, 'p', 1, 1.5);

-- --------------------------------------------------------

--
-- Tabelstructuur voor tabel `mushroom_capcolor`
--

CREATE TABLE `mushroom_capcolor` (
  `mushroom_id` int(3) DEFAULT NULL,
  `color_id` varchar(1) DEFAULT NULL
) ENGINE=InnoDB DEFAULT CHARSET=utf8;

--
-- Gegevens worden geëxporteerd voor tabel `mushroom_capcolor`
--

INSERT INTO `mushroom_capcolor` (`mushroom_id`, `color_id`) VALUES
(1, 'e'),
(1, 'o'),
(2, 'n'),
(3, 'g'),
(3, 'n'),
(4, 'n'),
(5, 'r'),
(6, 'w'),
(6, 'y'),
(7, 'w'),
(8, 'n'),
(9, 'w'),
(9, 'n'),
(10, 'n'),
(11, 'e'),
(11, 'n'),
(11, 'p'),
(11, 'w'),
(12, 'y'),
(12, 'n'),
(13, 'n'),
(14, 'b'),
(14, 'u'),
(15, 'l'),
(15, 'u'),
(15, 'g'),
(15, 'n'),
(16, 'g'),
(16, 'n'),
(17, 'g'),
(17, 'n'),
(18, 'g'),
(18, 'n'),
(19, 'n'),
(20, 'l'),
(20, 'r'),
(20, 'w'),
(21, 'w'),
(21, 'g'),
(22, 'n'),
(22, 'e'),
(22, 'y'),
(23, 'n'),
(23, 'b'),
(24, 'n'),
(24, 'w'),
(25, 'n'),
(25, 'b'),
(26, 'w'),
(26, 'n'),
(27, 'n'),
(27, 'w'),
(28, 'w'),
(29, 'n'),
(29, 'p'),
(29, 'e'),
(30, 'n'),
(30, 'g'),
(31, 'g'),
(31, 'n'),
(32, 'e'),
(32, 'n'),
(33, 'n'),
(34, 'n'),
(34, 'e'),
(35, 'u'),
(36, 'n'),
(36, 'y'),
(37, 'o'),
(37, 'y'),
(38, 'o'),
(39, 'n'),
(39, 'y'),
(40, 'n'),
(40, 'e'),
(41, 'g'),
(41, 'n'),
(42, 'o'),
(42, 'n'),
(43, 'e'),
(43, 'n'),
(43, 'y'),
(44, 'e'),
(44, 'n'),
(44, 'y'),
(45, 'g'),
(45, 'r'),
(45, 'n'),
(46, 'g'),
(46, 'k'),
(47, 'g'),
(47, 'n'),
(48, 'n'),
(48, 'o'),
(49, 'y'),
(50, 'w'),
(51, 'g'),
(51, 'n'),
(52, 'n'),
(53, 'e'),
(53, 'u'),
(53, 'y'),
(54, 'w'),
(55, 'o'),
(55, 'y'),
(56, 'o'),
(57, 'e'),
(57, 'o'),
(57, 'k'),
(58, 'o'),
(58, 'b'),
(59, 'o'),
(59, 'p'),
(59, 'e'),
(60, 'r'),
(60, 'p'),
(60, 'y'),
(61, 'n'),
(62, 'y'),
(63, 'y'),
(64, 'y'),
(65, 'n'),
(65, 'y'),
(66, 'n'),
(67, 'u'),
(68, 'b'),
(68, 'p'),
(68, 'e'),
(68, 'y'),
(69, 'n'),
(69, 'p'),
(69, 'e'),
(70, 'l'),
(70, 'y'),
(71, 'u'),
(71, 'k'),
(72, 'k'),
(72, 'n'),
(72, 'w'),
(73, 'e'),
(74, 'e'),
(74, 'p'),
(74, 'w'),
(75, 'n'),
(75, 'r'),
(75, 'u'),
(75, 'y'),
(76, 'r'),
(76, 'y'),
(77, 'w'),
(78, 'w'),
(79, 'n'),
(79, 'e'),
(80, 'g'),
(80, 'r'),
(80, 'n'),
(81, 'g'),
(81, 'r'),
(81, 'k'),
(81, 'n'),
(82, 'n'),
(82, 'e'),
(83, 'e'),
(83, 'n'),
(84, 'n'),
(84, 'o'),
(85, 'g'),
(85, 'u'),
(85, 'n'),
(85, 'p'),
(86, 'p'),
(87, 'w'),
(87, 'p'),
(87, 'o'),
(88, 'o'),
(88, 'y'),
(88, 'r'),
(89, 'n'),
(90, 'n'),
(91, 'n'),
(91, 'w'),
(92, 'n'),
(93, 'w'),
(94, 'l'),
(94, 'k'),
(95, 'w'),
(95, 'y'),
(95, 'g'),
(95, 'n'),
(96, 'w'),
(97, 'p'),
(98, 'y'),
(98, 'n'),
(99, 'n'),
(99, 'o'),
(99, 'y'),
(99, 'w'),
(100, 'n'),
(100, 'w'),
(101, 'y'),
(101, 'n'),
(102, 'n'),
(102, 'o'),
(103, 'n'),
(104, 'y'),
(105, 'e'),
(106, 'r'),
(106, 'l'),
(107, 'n'),
(108, 'n'),
(108, 'y'),
(109, 'n'),
(110, 'g'),
(110, 'u'),
(110, 'n'),
(111, 'e'),
(112, 'w'),
(112, 'y'),
(113, 'y'),
(114, 'w'),
(114, 'u'),
(115, 'n'),
(116, 'n'),
(117, 'n'),
(118, 'y'),
(118, 'o'),
(119, 'n'),
(120, 'w'),
(121, 'n'),
(122, 'w'),
(122, 'n'),
(123, 'w'),
(124, 'n'),
(125, 'w'),
(126, 'g'),
(126, 'n'),
(127, 'w'),
(127, 'n'),
(128, 'n'),
(129, 'n'),
(130, 'w'),
(130, 'g'),
(131, 'n'),
(131, 'g'),
(132, 'n'),
(132, 'y'),
(132, 'w'),
(133, 'n'),
(134, 'n'),
(135, 'g'),
(135, 'n'),
(135, 'k'),
(136, 'n'),
(137, 'n'),
(137, 'y'),
(138, 'n'),
(139, 'n'),
(140, 'n'),
(140, 'y'),
(140, 'e'),
(141, 'n'),
(141, 'y'),
(142, 'n'),
(143, 'n'),
(143, 'y'),
(144, 'n'),
(145, 'n'),
(146, 'n'),
(146, 'o'),
(147, 'n'),
(147, 'o'),
(147, 'e'),
(148, 'g'),
(148, 'n'),
(149, 'y'),
(150, 'n'),
(151, 'n'),
(152, 'r'),
(152, 'n'),
(153, 'n'),
(154, 'o'),
(154, 'y'),
(155, 'y'),
(156, 'n'),
(156, 'y'),
(157, 'n'),
(158, 'l'),
(158, 'g'),
(158, 'b'),
(158, 'w'),
(159, 'n'),
(160, 'y'),
(160, 'o'),
(160, 'r'),
(160, 'n'),
(161, 'n'),
(161, 'w'),
(162, 'b'),
(163, 'n'),
(164, 'y'),
(164, 'o'),
(164, 'g'),
(164, 'n'),
(164, 'r'),
(165, 'g'),
(166, 'y'),
(167, 'o'),
(167, 'e'),
(167, 'n'),
(167, 'k'),
(168, 'n'),
(168, 'y'),
(169, 'w'),
(170, 'g'),
(170, 'k'),
(171, 'n'),
(171, 'e'),
(172, 'n'),
(172, 'g'),
(173, 'y');

-- --------------------------------------------------------

--
-- Tabelstructuur voor tabel `mushroom_stemcolor`
--

CREATE TABLE `mushroom_stemcolor` (
  `mushroom_id` int(3) DEFAULT NULL,
  `color_id` varchar(1) DEFAULT NULL
) ENGINE=InnoDB DEFAULT CHARSET=utf8;

--
-- Gegevens worden geëxporteerd voor tabel `mushroom_stemcolor`
--

INSERT INTO `mushroom_stemcolor` (`mushroom_id`, `color_id`) VALUES
(1, 'w'),
(2, 'w'),
(3, 'w'),
(4, 'w'),
(5, 'w'),
(6, 'w'),
(6, 'y'),
(7, 'w'),
(8, 'w'),
(8, 'n'),
(9, 'n'),
(10, 'w'),
(11, 'w'),
(12, 'y'),
(12, 'n'),
(13, 'n'),
(14, 'w'),
(15, 'b'),
(15, 'u'),
(16, 'u'),
(17, 'w'),
(18, 'n'),
(19, 'w'),
(20, 'l'),
(20, 'r'),
(20, 'w'),
(21, 'w'),
(22, 'n'),
(22, 'y'),
(23, 'n'),
(24, 'n'),
(24, 'p'),
(25, 'n'),
(26, 'w'),
(27, 'y'),
(28, 'n'),
(28, 'e'),
(29, 'k'),
(30, 'n'),
(30, 'g'),
(31, 'g'),
(31, 'n'),
(32, 'n'),
(32, 'w'),
(33, 'g'),
(34, 'n'),
(35, 'u'),
(36, 'y'),
(37, 'w'),
(37, 'y'),
(38, 'o'),
(38, 'y'),
(39, 'n'),
(40, 'n'),
(41, 'g'),
(41, 'w'),
(42, 'o'),
(42, 'n'),
(43, 'n'),
(44, 'n'),
(45, 'w'),
(45, 'n'),
(46, 'g'),
(47, 'w'),
(48, 'n'),
(48, 'o'),
(49, 'y'),
(50, 'w'),
(51, 'g'),
(51, 'w'),
(52, 'n'),
(52, 'w'),
(53, 'e'),
(53, 'u'),
(53, 'y'),
(54, 'w'),
(55, 'o'),
(56, 'o'),
(56, 'y'),
(57, 'y'),
(57, 'o'),
(57, 'k'),
(58, 'w'),
(59, 'o'),
(59, 'e'),
(60, 'r'),
(60, 'y'),
(61, 'w'),
(61, 'o'),
(62, 'g'),
(62, 'w'),
(63, 'w'),
(64, 'w'),
(65, 'y'),
(66, 'w'),
(67, 'w'),
(67, 'y'),
(68, 'w'),
(69, 'w'),
(70, 'w'),
(71, 'w'),
(72, 'w'),
(73, 'w'),
(74, 'y'),
(75, 'n'),
(75, 'p'),
(75, 'w'),
(76, 'w'),
(77, 'w'),
(78, 'w'),
(79, 'e'),
(79, 'n'),
(80, 'g'),
(80, 'r'),
(80, 'n'),
(81, 'g'),
(81, 'r'),
(81, 'n'),
(82, 'n'),
(82, 'e'),
(83, 'e'),
(83, 'n'),
(84, 'n'),
(85, 'g'),
(85, 'n'),
(86, 'p'),
(87, 'w'),
(88, 'w'),
(89, 'w'),
(89, 'n'),
(90, 'n'),
(91, 'n'),
(92, 'n'),
(92, 'g'),
(93, 'w'),
(94, 'w'),
(95, 'n'),
(96, 'w'),
(97, 'p'),
(98, 'y'),
(99, 'n'),
(100, 'n'),
(100, 'w'),
(101, 'y'),
(101, 'n'),
(102, 'n'),
(102, 'o'),
(103, 'n'),
(104, 'y'),
(105, 'y'),
(105, 'e'),
(105, 'n'),
(106, 'w'),
(106, 'l'),
(106, 'n'),
(107, 'y'),
(108, 'n'),
(109, 'n'),
(110, 'g'),
(110, 'u'),
(110, 'n'),
(111, 'e'),
(112, 'w'),
(113, 'w'),
(114, 'w'),
(114, 'u'),
(115, 'n'),
(116, 'w'),
(117, 'y'),
(117, 'n'),
(118, 'o'),
(118, 'y'),
(119, 'n'),
(120, 'w'),
(121, 'w'),
(122, 'w'),
(123, 'w'),
(124, 'w'),
(125, 'w'),
(126, 'w'),
(127, 'w'),
(128, 'w'),
(129, 'w'),
(130, 'w'),
(131, 'w'),
(132, 'w'),
(133, 'w'),
(134, 'n'),
(135, 'g'),
(135, 'n'),
(136, 'w'),
(137, 'n'),
(138, 'n'),
(139, 'n'),
(140, 'e'),
(140, 'y'),
(141, 'y'),
(142, 'y'),
(143, 'u'),
(143, 'e'),
(144, 'n'),
(144, 'y'),
(145, 'n'),
(146, 'e'),
(146, 'n'),
(147, 'w'),
(148, 'w'),
(149, 'y'),
(150, 'n'),
(151, 'n'),
(152, 'n'),
(153, 'k'),
(153, 'n'),
(154, 'o'),
(154, 'y'),
(155, 'y'),
(156, 'o'),
(156, 'y'),
(157, 'n'),
(158, 'w'),
(159, 'n'),
(160, 'y'),
(160, 'n'),
(161, 'f'),
(162, 'w'),
(163, 'n'),
(164, 'f'),
(165, 'f'),
(166, 'k'),
(166, 'n'),
(167, 'n'),
(168, 'n'),
(169, 'w'),
(170, 'g'),
(170, 'n'),
(171, 'n'),
(172, 'n'),
(173, 'y');
COMMIT;

/*!40101 SET CHARACTER_SET_CLIENT=@OLD_CHARACTER_SET_CLIENT */;
/*!40101 SET CHARACTER_SET_RESULTS=@OLD_CHARACTER_SET_RESULTS */;
/*!40101 SET COLLATION_CONNECTION=@OLD_COLLATION_CONNECTION */;
